;Index;id;name;city;min_salary;max_salary;company;days_from_publication;description;conditions;requirement;responsibility;key_skills;Тюмень;Челябинск;Казань;Екатеринбург;Другие города;experience_Более 6 лет;experience_Нет опыта;experience_От 1 года до 3 лет;experience_От 3 до 6 лет;schedule_Гибкий график;schedule_Полный день;schedule_Сменный график;schedule_Удаленная работа;employment_Полная занятость;employment_Проектная работа;employment_Стажировка;employment_Частичная занятость;PHP;MySQL;JavaScript;Git;HTML;jQuery;Yii;CSS;ООП;1С-Битрикс;Другие навыки
0;66;33754183;Middle PHP-разработчик;Новосибирск;4;5;Jump Taxi;0.0;"Привет! О тебе Предлагаем тебе присоединиться к команде разработчиков-новаторов, напрямую влиять на разрабатываемый продукт, искать интересные решения задач в программной разработке, вдохновлять жизнь в сложный, красивый и действительно полезный продукт среди пользователей по всей России. Знаешь больше других? Внедряй свои идеи и наработки, оптимизируй продукт, изучай конкурентов и делай лучшее и современное решение на рынке. Окружи себя единомышленниками и теми, кто поддержит твоё стремление делать топовые решения в индустрии. Делай больше и круче, используй свои возможности. О нас Jump Taxi — сервис сопровождения современного таксопарка. Каждый день мы создаем, тестируем и совершенствуем цифровые продукты для бизнеса такси и автовладельцев. Миссия проекта — сделать услуги пассажирских перевозок в России приятными, безопасными и недорогими. Команда проекта — новаторы, сплоченная группа специалистов. Мы создаем идейные, нужные и работающие продукты, ищем новые возможности и сферы, в которых можем предложить себя миру. Сегодня мы предлагаем тебе присоединиться к команде, проявить себя и свои знания, опыт и умения для решения задач и развития наших проектов. Кого ищем PHP разработчиков middle уровня с опытом работы по специальности от года.Что точно нужно уметь:  Проектировать базы данных в НФ и писать быстрые SQL запросы; Работать хотя бы с одним PHP фреймворком и ORM (мы работаем с Laravel) Идеально понимать принципы ООП и использовать их на практике; Работать с GIT или другой системой управления версиями; Писать чистый и понятный код, покрытый тестами и документацией.  Условия:  Интересный современный проект на микросервисной архитектуре без легаси кода; Просторный светлый офис в центре города. 5 минут от станции Маршала Покрышкина; Возможность переезда и работы в офисе в Калининграде; Ежемесячная белая зарплата без задержек; Амбициозные задачи и цели; Возможность обучаться за счет компании; Официальное трудоустройство; Опытная команда по разработке и сопровождению продукта.  Видишь себя среди нас? Присылай своё резюме и сопроводительное письмо на почту или звони нам в студию.";"  Интересный современный проект на микросервисной архитектуре без легаси кода; Просторный светлый офис в центре города. 5 минут от станции Маршала Покрышкина; Возможность переезда и работы в офисе в Калининграде; Ежемесячная белая зарплата без задержек; Амбициозные задачи и цели; Возможность обучаться за счет компании; Официальное трудоустройство; Опытная команда по разработке и сопровождению продукта.  Видишь себя среди нас? Присылай своё резюме и сопроводительное письмо на почту или звони нам в студию.";PHP разработчиков middle уровня с опытом работы по специальности от года. Что точно нужно уметь: Проектировать базы данных в НФ...;Писать чистый и понятный код, покрытый тестами и документацией. Опытная команда по разработке и сопровождению продукта.;"Git;MySQL;PHP";0;0;0;0;1;0;0;1;0;0;1;0;0;1;0;0;0;1;1;0;1;0;0;0;0;0;0;0
1;11;31186060;PHP-программист;Новосибирск;4;4;Д2 Страхование;0.06666666666666667;D2 Страхование – современная федеральная компания с высоким уровнем надежности. ТОП-10 по страхованию имущества частных лиц. ТОП-10 в высшей лиге народного рейтинга на banki. В 200 городах партнёры продают наши страховые продукты.   Мы работаем в B2B-сегменте и растем по количеству пользователей кратно каждый год. Развиваем front для более активной работы с пользователями B2C. Сервисы пилит команда специалистов в головном офисе в г. Новосибирске, а также несколько команд на аутсорсе. Благодаря росту, проект нагружен интеграциями. Бэкенд на Битрикс и PHP. Развивается партнерская сеть и нужно успевать подтягивать интерфейсы в личных кабинетах и архитектуру.   Чем предстоит заниматься?  Разработка и поддержка back-end для Битрикс. Проектирование и разработка API, интеграция с различными партнерскими сервисами. Поддержка сайта. Разработка нового функционала. Проектирование и встраивание модулей системы. Участие в процессе разработки фич (от проектирования до ввода в эксплуатацию).    С чем работаем:  PHP 5-7. Java. Node.js.    Наш идеальный кандидат:  Имеет опыт более 1 года коммерческой разработки. Легко и чисто кодит на JS и PHP, может в React/Vue/Angular. Понимает как устроена сетевая архитектура и интеграции с сервисами на стороне.  Приветствуется стремление к постоянному обучению, участию в профильных конференциях, тренингах и семинарах.   Что мы предлагаем?  Официальное трудоустройство, полностью белая заработная плата - выплаты 2 раза в месяц, без задержек. Все соц. гарантии по ТК РФ: оплачиваемый отпуск 28 календарных дней, больничный лист. Возможность работы Home-Office в случае болезни (с сохранением заработной платы). Современный Openspace в центре города (3 мин. пешком от метро пл. Ленина). В офисе есть своя кофейня. В компании работает почти 70 человек, так что присутствие тортов в обеденной зоне практически регулярное. Компания подкидывает постоянные плюшки в виде корпоративов, обучалок, поддержит финансово стремление к набору skillов.      Хочешь работать с нами?  Отправляй отклик! С вакансией мы работаем так: отклик - встреча - тестовое задание.  ;;Имеет опыт более 1 года коммерческой разработки. Легко и чисто кодит на JS и PHP, может в React/Vue/Angular. ;Разработка и поддержка back-end для Битрикс. Проектирование и разработка API, интеграция с различными партнерскими сервисами. Поддержка сайта. ;"PHP;JavaScript;HTML;Node.js";0;0;0;0;1;0;0;1;0;0;1;0;0;1;0;0;0;1;0;1;0;1;0;0;0;0;0;1
2;7;34221855;PHP-программист (reports);Санкт-Петербург;3;4;Egamings, филиал г. Псков;0.0;"Компания eGamings (г. Рига, Латвия) возобновляет набор PHP-разработчиков для удаленной работы. Компания eGamings (www.egamings.com, www.softgamings.com) является одним из самых инновационных в мире разработчиков игровых платформ и поставщиком надежных, готовых к эксплуатации игровых систем. Мы предлагаем решения White label, игры топовых игорных провайдеров через единую интеграцию, лицензирование, банковские и другие услуги, а также готовые решения под ключ. С 2008 года мы занимаем лидирующие позиции в сфере разработки онлайн казино. Мы гордимся тем, что предлагаем нашим клиентам продукт максимально высокого качества и устанавливаем долгосрочные взаимовыгодные партнерские отношения с лучшими и самыми солидными операторами в мире. Head-office нашей компании находится в Риге (Латвия). Открыты филиалы в г. Пскове и в других городах России. Требования:    Знания PHP 7+, JavaScript, HTML5, CSS3 технологий, ООП; Хорошее знание SQL-подобных СУБД (желательно MySQL, но подойдёт и MSSQL, PostgreSQL), опыт оптимизации запросов и баз данных; Основы Debian/Ubuntu Linux на уровне пользователя; Плюсом будет знание Twitter Bootstrap, Redis, принципов работы с колоночными базами данных; Опыт работы с GIT    Обязанности:    Поддержка и написание новых модулей для внутренних web-приложений компании;  Условия:    Полный рабочий день, работа в современном офисе, Испытательный срок 2-3 месяца; Заработная плата от 70`000 до 130000 рублей (в зависимости от уровня программиста);    Собеседование:    Письменный тест вопросы (php, sql -основные html, css, js - дополнительные); Небольшое тестовое задание; Собеседование с руководителем;  Резюме обязательно. Сопроводительное письмо с перечислением проектов, умений, навыков будет преимуществом.   В нашей компании вы найдете: Официальное трудоустройство и социальные гарантии Сплочённую и сильную команду, в которой можно быстро вырасти Поддержку в реализации идей и поощрение инициативности Адекватное руководство Свободный режим работы Нормированную 40-часовую рабочую неделю  ";"    Полный рабочий день, работа в современном офисе, Испытательный срок 2-3 месяца; Заработная плата от 70`000 до 130000 рублей (в зависимости от уровня программиста);    Собеседование:    Письменный тест вопросы (php, sql -основные html, css, js - дополнительные); Небольшое тестовое задание; Собеседование с руководителем;  Резюме обязательно. Сопроводительное письмо с перечислением проектов, умений, навыков будет преимуществом.   В нашей компании вы найдете: Официальное трудоустройство и социальные гарантии Сплочённую и сильную команду, в которой можно быстро вырасти Поддержку в реализации идей и поощрение инициативности Адекватное руководство Свободный режим работы Нормированную 40-часовую рабочую неделю  ";Знания PHP 7+, JavaScript, HTML5, CSS3 технологий, ООП. Хорошее знание SQL-подобных СУБД (желательно MySQL, но подойдёт...;Поддержка и написание новых модулей для внутренних web-приложений компании. Письменный тест вопросы (php, sql -основные html, css, js - дополнительные). ;"PHP;MySQL;PHP5;HTML5;JavaScript;Git;ООП;MS SQL;PostgreSQL;СУБД;Redis";0;0;0;0;1;0;0;1;0;0;0;0;1;1;0;0;0;1;1;1;1;0;0;0;0;1;0;1
3;73;34276300;Программист разработчик PHP;Санкт-Петербург;3;4;Lapin Group;0.0;"Обязанности:  Разработка функционала проектов компании на фреймворке Symfony 3+ Реализация REST API Написание тестов на реализованную функциональность Написание документации Работа c FrontEnd 80%, BackEnd 20%  Требования:  не рассматриваем кандидатов на удаленный характер работы Опыт FrontEnd разработки от 2-х лет Уверенные знание PHP, MySQL, фреймворка Symfony 3+, Вootstrap Приветствуются знания протоколов HTTP2, Websocket Соблюдение сроков и качества выполнения задач Аккуратный, валидный код; использование современных стандартов разработки и методологий Отличные коммуникативные навыки, командный игрок Опыт работы с большими нагрузками и крупными проектами будет плюсом Опыт администрирования Unix систем будет плюсом Наличие собственных проектов (в том числе open source на github) будет плюсом  Условия:  адекватная заработная плата по результатам собеседования и пересмотром по мере роста сотрудника разумный и дружелюбный коллектив официальное трудоустройство с первого дня уютный офис на Черной речке гибкое начало и конец рабочего дня возможность иногда работать из дома ";  адекватная заработная плата по результатам собеседования и пересмотром по мере роста сотрудника разумный и дружелюбный коллектив официальное трудоустройство с первого дня уютный офис на Черной речке гибкое начало и конец рабочего дня возможность иногда работать из дома ;Не рассматриваем кандидатов на удаленный характер работы. Опыт FrontEnd разработки от 2-х лет. Уверенные знание PHP, MySQL, фреймворка Symfony...;Разработка функционала проектов компании на фреймворке Symfony 3+. Реализация REST API. Написание тестов на реализованную функциональность. Написание документации. ;PHP, MySQL, фреймворка Symfony 3+, Вootstrap знания протоколов HTTP2, Websocket;0;0;0;0;1;0;0;1;0;0;1;0;0;1;0;0;0;0;0;0;0;0;0;0;0;0;0;1
4;56;33864441;PHP developer (со знанием английского языка);Омск;4;4;Jivosite;0.0;Как минимум треть жизни мы проводим на работе. Так почему бы не проводить это время с пользой и удовольствием? JivoSite — то самое место, где это возможно. Мы разрабатываем полезный продукт: бизнес-мессенджер для общения c клиентами в различных каналах (соцсети, мессенджеры, почта, чат на сайте) через одно приложение. JivoSite – это 250 тысяч довольных бизнесов по всему миру и миллионы их счастливых клиентов. JivoSite — это высоконагруженный сервис: 3,5 млн сообщений в сутки, 13 млн чатов в месяц, 150 млн показов виджета в сутки, 1 млн одновременных коннектов, все это крутится на 200+ серверах. Скучать не придется, сложных интересных задач много. Это профессиональная и дружная команда — 140 человек по всему миру, коллеги из США, Европы, Бразилии, Турции, Индии и других стран. Это полностью распределенная команда — не нужно тратить время на походы в офис, ваше рабочее место там, где вы сами пожелаете: в удобном домашнем кресле или на берегу теплого океана. Основа нашего успеха – крутые и заряженные на результат специалисты, если вы готовы развиваться и менять мир, то нам по пути! Мы ищем талантливого PHP developerа со свободным английским языком в highload проект Вам предстоит:  · Разрабатывать и совершенствовать внутренние сервисы компании · Принимать участие в разработке сервисов для клиентов · Самостоятельно и с командой вырабатывать архитектурные решения · Проводить рефакторинг и ревью кода · Самоорганизовываться для продуктивной работы из дома без постоянного контроля Мы ожидаем, что вы: · Знаете PHP - сильные и слабые стороны языка · Понимаете MySQL (сложные запросы, оптимизация) · Понимаете базовые принципы верстки · Работали с системами контроля версий · Обладаете успешным опытом разработки web-приложений · Умеете про интеграции со сторонними системами (CRM, CMS, платежные системы, соц. сети и пр.) · Свободно говорите на английском языке Круто, если: · Есть опыт работы с Symfony · Есть опыт разработки плагинов под CMS системы · Есть опыт удаленной работы Мы предлагаем: · Минимум бюрократии, максимум самостоятельности · Белую заработную плату, оформление по ТК РФ · ДМС, предоставляем и для региональных сотрудников · Удаленную фулл-тайм работу в стабильной компании · Корпоративные мероприятия (как правило, путешествие с командой на 1-2 недели за счет компании); · Минимум бюрократии, максимум самостоятельности · Белую заработную плату, оформление по ТК РФ · ДМС, предоставляем и для региональных сотрудников · Удаленную фулл-тайм работу в стабильной компании · Корпоративные мероприятия (как правило, путешествие с командой на 1-2 недели за счет компании);Понимаете MySQL (сложные запросы, оптимизация). Понимаете базовые принципы верстки. Работали с системами контроля версий. Обладаете успешным опытом разработки web-приложений. ;Разрабатывать и совершенствовать внутренние сервисы компании. Принимать участие в разработке сервисов для клиентов. Самостоятельно и с командой вырабатывать архитектурные решения. ;"PHP;Symfony;MySQL;API;Английский язык";0;0;0;0;1;0;0;1;0;0;0;0;1;1;0;0;0;1;1;0;0;0;0;0;0;0;0;1
5;93;33864436;PHP developer (со знанием английского языка);Самара;4;4;Jivosite;0.0;Как минимум треть жизни мы проводим на работе. Так почему бы не проводить это время с пользой и удовольствием? JivoSite — то самое место, где это возможно. Мы разрабатываем полезный продукт: бизнес-мессенджер для общения c клиентами в различных каналах (соцсети, мессенджеры, почта, чат на сайте) через одно приложение. JivoSite – это 250 тысяч довольных бизнесов по всему миру и миллионы их счастливых клиентов. JivoSite — это высоконагруженный сервис: 3,5 млн сообщений в сутки, 13 млн чатов в месяц, 150 млн показов виджета в сутки, 1 млн одновременных коннектов, все это крутится на 200+ серверах. Скучать не придется, сложных интересных задач много. Это профессиональная и дружная команда — 140 человек по всему миру, коллеги из США, Европы, Бразилии, Турции, Индии и других стран. Это полностью распределенная команда — не нужно тратить время на походы в офис, ваше рабочее место там, где вы сами пожелаете: в удобном домашнем кресле или на берегу теплого океана. Основа нашего успеха – крутые и заряженные на результат специалисты, если вы готовы развиваться и менять мир, то нам по пути! Мы ищем талантливого PHP developerа со свободным английским языком в highload проект Вам предстоит:  · Разрабатывать и совершенствовать внутренние сервисы компании · Принимать участие в разработке сервисов для клиентов · Самостоятельно и с командой вырабатывать архитектурные решения · Проводить рефакторинг и ревью кода · Самоорганизовываться для продуктивной работы из дома без постоянного контроля Мы ожидаем, что вы: · Знаете PHP - сильные и слабые стороны языка · Понимаете MySQL (сложные запросы, оптимизация) · Понимаете базовые принципы верстки · Работали с системами контроля версий · Обладаете успешным опытом разработки web-приложений · Умеете про интеграции со сторонними системами (CRM, CMS, платежные системы, соц. сети и пр.) · Свободно говорите на английском языке Круто, если: · Есть опыт работы с Symfony · Есть опыт разработки плагинов под CMS системы · Есть опыт удаленной работы Мы предлагаем: · Минимум бюрократии, максимум самостоятельности · Белую заработную плату, оформление по ТК РФ · ДМС, предоставляем и для региональных сотрудников · Удаленную фулл-тайм работу в стабильной компании · Корпоративные мероприятия (как правило, путешествие с командой на 1-2 недели за счет компании); · Минимум бюрократии, максимум самостоятельности · Белую заработную плату, оформление по ТК РФ · ДМС, предоставляем и для региональных сотрудников · Удаленную фулл-тайм работу в стабильной компании · Корпоративные мероприятия (как правило, путешествие с командой на 1-2 недели за счет компании);Понимаете MySQL (сложные запросы, оптимизация). Понимаете базовые принципы верстки. Работали с системами контроля версий. Обладаете успешным опытом разработки web-приложений. ;Разрабатывать и совершенствовать внутренние сервисы компании. Принимать участие в разработке сервисов для клиентов. Самостоятельно и с командой вырабатывать архитектурные решения. ;"PHP;Symfony;MySQL;API;Английский язык";0;0;0;0;1;0;0;1;0;0;0;0;1;1;0;0;0;1;1;0;0;0;0;0;0;0;0;1
6;61;33864440;PHP developer (со знанием английского языка);Челябинск;4;4;Jivosite;0.0;Как минимум треть жизни мы проводим на работе. Так почему бы не проводить это время с пользой и удовольствием? JivoSite — то самое место, где это возможно. Мы разрабатываем полезный продукт: бизнес-мессенджер для общения c клиентами в различных каналах (соцсети, мессенджеры, почта, чат на сайте) через одно приложение. JivoSite – это 250 тысяч довольных бизнесов по всему миру и миллионы их счастливых клиентов. JivoSite — это высоконагруженный сервис: 3,5 млн сообщений в сутки, 13 млн чатов в месяц, 150 млн показов виджета в сутки, 1 млн одновременных коннектов, все это крутится на 200+ серверах. Скучать не придется, сложных интересных задач много. Это профессиональная и дружная команда — 140 человек по всему миру, коллеги из США, Европы, Бразилии, Турции, Индии и других стран. Это полностью распределенная команда — не нужно тратить время на походы в офис, ваше рабочее место там, где вы сами пожелаете: в удобном домашнем кресле или на берегу теплого океана. Основа нашего успеха – крутые и заряженные на результат специалисты, если вы готовы развиваться и менять мир, то нам по пути! Мы ищем талантливого PHP developerа со свободным английским языком в highload проект Вам предстоит:  · Разрабатывать и совершенствовать внутренние сервисы компании · Принимать участие в разработке сервисов для клиентов · Самостоятельно и с командой вырабатывать архитектурные решения · Проводить рефакторинг и ревью кода · Самоорганизовываться для продуктивной работы из дома без постоянного контроля Мы ожидаем, что вы: · Знаете PHP - сильные и слабые стороны языка · Понимаете MySQL (сложные запросы, оптимизация) · Понимаете базовые принципы верстки · Работали с системами контроля версий · Обладаете успешным опытом разработки web-приложений · Умеете про интеграции со сторонними системами (CRM, CMS, платежные системы, соц. сети и пр.) · Свободно говорите на английском языке Круто, если: · Есть опыт работы с Symfony · Есть опыт разработки плагинов под CMS системы · Есть опыт удаленной работы Мы предлагаем: · Минимум бюрократии, максимум самостоятельности · Белую заработную плату, оформление по ТК РФ · ДМС, предоставляем и для региональных сотрудников · Удаленную фулл-тайм работу в стабильной компании · Корпоративные мероприятия (как правило, путешествие с командой на 1-2 недели за счет компании); · Минимум бюрократии, максимум самостоятельности · Белую заработную плату, оформление по ТК РФ · ДМС, предоставляем и для региональных сотрудников · Удаленную фулл-тайм работу в стабильной компании · Корпоративные мероприятия (как правило, путешествие с командой на 1-2 недели за счет компании);Понимаете MySQL (сложные запросы, оптимизация). Понимаете базовые принципы верстки. Работали с системами контроля версий. Обладаете успешным опытом разработки web-приложений. ;Разрабатывать и совершенствовать внутренние сервисы компании. Принимать участие в разработке сервисов для клиентов. Самостоятельно и с командой вырабатывать архитектурные решения. ;"PHP;Symfony;MySQL;API;Английский язык";0;1;0;0;0;0;0;1;0;0;0;0;1;1;0;0;0;1;1;0;0;0;0;0;0;0;0;1
7;31;34207899;PHP-разработчик;Новосибирск;4;4;Восток Инновации;0.0;"Мы делаем CRM систему по модели SAAS, которая помогает бизнесу в сфере образования. Она автоматизирует добрую часть рутинных процессов (это точно), снимает головную боль и нормализует сон (это не точно). У нас небольшая, дружная и эффективная команда, поэтому мы занимаем лидирующие позиции среди конкурирующих CRM для образования. Мы ищем разработчика PHP, имеющего навыки работы с фреймворком Yii2. Если у вас другой, но релевантный опыт — все равно пишите. От нас:  Уютный офис в тихом центре, комфортное рабочее место; Качественно спроектированная сложная архитектура, highload; Отлично написанный код и продуманные стили кодирования; Дружественная атмосфера в коллективе;  От вас:  Знание PHP7, понимание ООП и MVC; Опыт работы с фреймворком Yii2; Ваша ОС — Linux; ";;От вас: Знание PHP7, понимание ООП и MVC. Опыт работы с фреймворком Yii2.;Ваша ОС — Linux.;"PHP;Git;JavaScript;MySQL;Yii;PHP7";0;0;0;0;1;0;0;0;1;1;0;0;0;1;0;0;0;1;1;1;1;0;0;1;0;0;0;1
8;22;33904039;PHP программист;Санкт-Петербург;4;4;HR-PROFI;0.0;"Стабильная компания-разработчик (10 лет на рынке), в связи с активным развитием, ищет РНР программиста в свою команду. Основное направление - разработка ERP систем. Задачи:  Активная разработка новых модулей; Рефакторинг текущего кода; Работа в команде сильных разработчиков; Взаимодействие с менеджером проектов и с QA специалистами.  Что мы ожидаем от будущего сотрудника:  Опыт объектно ориентированного программирования на PHP; Опыт работы с популярными фреймворками (yii, symfony); Желательно знание JavaScript, JQuery; Умение читать чужой код; Знание английского языка будет преимуществом; Обучаемость, стремление к профессиональному и карьерному росту Готовность выполнить тестовое задание после технического интервью  Готовы предлагать:  Интересные, масштабные проекты; Работа в команде профессионалов; Достойная заработная плата, обсуждается на собеседовании; Регулярное повышение квалификации; Реальные возможности профессионального и карьерного роста; Мы готовы обучать, но для нас важно твое стремление к обучению! 5-ти дневная рабочая неделя, гибкое начало и окончание рабочего дня; Комфортный офис (м. Московские ворота). ";;Опыт объектно ориентированного программирования на PHP. Опыт работы с популярными фреймворками (yii, symfony). Желательно знание JavaScript, JQuery. Умение читать чужой...;Активная разработка новых модулей. Рефакторинг текущего кода. Работа в команде сильных разработчиков. Взаимодействие с менеджером проектов и с QA специалистами.;"PHP;MySQL;JavaScript;Git;HTML";0;0;0;0;1;0;0;1;0;0;1;0;0;1;0;0;0;1;1;1;1;1;0;0;0;0;0;0
9;80;33874900;Программист PHP;Санкт-Петербург;2;3;Вебдока;0.06666666666666667;Требования: Грамотный код php, (уровень от мидла). Знание сопутствующих технологий. Опыт разработки на Yii2, Symfony на худой конец Битрикс ) Наличие или возможность быть оформленным ИП. Условия: Удаленная работа, полная занятость. Относительно свободный график работы. Сложные, долгоиграющие проекты без горящих дедлайнов. Внятная постановка задач тимлидом.  ; Удаленная работа, полная занятость. Относительно свободный график работы. Сложные, долгоиграющие проекты без горящих дедлайнов. Внятная постановка задач тимлидом.  ;Грамотный код php, (уровень от мидла). Знание сопутствующих технологий. Опыт разработки на Yii2, Symfony на худой конец Битрикс ). ;Внятная постановка задач тимлидом.;"1С-Битрикс;Yii;Symfony";0;0;0;0;1;0;1;0;0;0;0;0;1;1;0;0;0;0;0;0;0;0;0;1;0;0;1;1
10;21;34158603;Программист PHP;Екатеринбург;3;3;ТриниДата;0.03333333333333333;"Компания ТриниДата - лидер российского рынка интеллектуальных систем, основанных на онтологиях. Мы работаем с крупнейшими федеральными заказчиками, ведем активную научную и популяризаторскую деятельность. Нам требуется квалифицированный разработчик для работы в проектах по созданию современных корпоративных автоматизированных систем для известных федеральных компаний. Ищем тех, кто не равнодушен к результатам своего труда и готов решать действительно важные функциональные задачи, приобрести опыт выполнения реальных проектов для серьезных заказчиков. Наши текущие проекты:- Единая цифровая платформа крупнейшей промышленной компании России;- Логическая витрина данных для обработки геолого-геофизической информации;- Ситуационный центр субъекта РФ;- Система управления знаниями крупной инжиниринговой организации;- Разработка собственных продуктов компании.   Требования: Сильное алгоритмическое и логическое мышление, готовность осваивать новые технологии (работу с графовой СУБД, онтологии). Работа с git. Крайне желательно знакомство с MongoDB, PostgreSQL, приветствуется опыт с Vue, Docker, Kubernetes, CI/CD. Также рассматриваем кандидатов, готовых работать на Node.js.Широкий кругозор, готовность погружаться в особенности разных предметных областей, рассматривать задачи не только с точки зрения написания кода; участвовать в поиске оптимальных решений.Высокая ответственность и дисциплина.   Обязанности: Разработка корпоративного ПО в команде.Широкий спектр функциональных задач: сервисы, пользовательские интерфейсы, интеграция с различными источниками данных, обработка данных (в т.ч. потоков данных IoT, интеграция с сервисами на основе нейросетей и машинного обучения, машиной логического вывода и др.).   Условия работы: Полная занятость, стабильная з/п, официальное оформление. Удобный график работы: 3 дня в офисе, 2 дня удаленно (по желанию). Современный офис в центре города, с террасой и видом на реку.Зарплата обсуждается в зависимости от квалификации.";;Ищем тех, кто не равнодушен к результатам своего труда и готов решать действительно важные функциональные задачи, приобрести опыт выполнения реальных...;Логическая витрина данных для обработки геолого-геофизической информации. - Разработка собственных продуктов компании. Разработка корпоративного ПО в команде. Широкий спектр функциональных...;"PHP;JavaScript;PostgreSQL;MongoDB;Git";0;0;0;1;0;0;0;1;0;0;1;0;0;1;0;0;0;1;0;1;1;0;0;0;0;0;0;1
11;96;33876500;PHP-разработчик (Laravel);Новосибирск;3;3;Сайтсофт;0.06666666666666667;"Компания «Сайтсофт» — один из признанных лидеров рынка в области разработки IT-решений для государственных организаций. Компания основана в 2005 году в Екатеринбурге. Наши основные направления деятельности: создание и поддержка интернет-проектов государственных организаций и крупного бизнеса, разработка мобильных приложений, продвижение в социальных сетях. Коллектив компании состоит из более 150 высококвалифицированных специалистов, работающих в офисах Москвы и Екатеринбурга. С чем работать?  Высоконагруженные порталы (более 1 млн посетителей в сутки); информационные системы (программно-аппаратные комплексы, API для сервисов, видеотрансляции, внутренние корпоративные порталы); системы документооборота и медиахранилищ; бэкенды для мобильных приложений; интеграция и поддержка сторонних решений.    Наш стек технологий:  PHP 7+, JavaScript(+ES6), Golang; Elasticsearch/ELK, MySQL, PostgreSQL, Cassandra; CI/CD, Selenium; RabbitMQ, Redis и пр.  Frontend-разработка у нас живет отдельно. Используются:  ES6, VueJS, webpack / grunt / gulp LESS / SASS / Stylus  Требования:  опыт разработки на одном из фреймворков: Laravel, Yii, Kohana или Symfony; чистый читабельный код; понимание основ оптимизации кода на высоконагруженных проектах; умение читать документацию и разбираться в новых технологиях.  Желательно:  опыт работы командной разработки; плотное знакомство с фронтендом: JS, VueJS.  Со своей стороны предлагаем:  современный офис на Коммунистической, 40; гибкий рабочий график с началом работы с 8:00 до 12:00; полностью белая заработная плата. Уровень окладной части обсуждается индивидуально в зависимости от профессиональных компетенций; ежегодная солидная премия по итогам работы; ежегодный пересмотр заработной платы по результатам работы; возможности для профессионального и карьерного развития; качественное планирование вашей работы. Вы будете знать, чем вы будете заниматься через день, неделю, месяц; работа над востребованными продуктами, которыми пользуются миллионы граждан нашей страны.  Среди наших проектов:   Интернет-портал МВД России   Интернет-портал МЧС России   ФССП России   и множество других   Мы НЕ занимаемся разработкой простых коммерческих сайтов, визиток и т.д. Для нас разработка - это множество интеграционных решений, использование современных технологий, высоконагруженные проекты и сложные задачи. Мы понимаем ценность качественного кода и используемых решений и применяем весь спектр технологий для достижения поставленных целей. Мы поощряем инициативность, ответственность, желание развиваться и совершенствоваться. Мы также высоко ценим позитивное мышление и доброжелательность. Наш основной потенциал - это наши сотрудники. Работа в нашей жизни занимает значительное количество времени и мы делаем все для того, чтобы каждый сотрудник чувствовал себя комфортно. Минимум бюрократии - максимум человеческого отношения. Присоединяйтесь!";;Опыт разработки на одном из фреймворков: Laravel, Yii, Kohana или Symfony. Чистый читабельный код. Понимание основ оптимизации кода на высоконагруженных...;Высоконагруженные порталы (более 1 млн посетителей в сутки). Информационные системы (программно-аппаратные комплексы, API для сервисов, видеотрансляции, внутренние корпоративные порталы). ;"laravel;php7;Redis;PHP";0;0;0;0;1;0;0;1;0;0;1;0;0;1;0;0;0;1;0;0;0;0;0;0;0;0;0;1
12;48;34142078;PHP-программист на Битрикс;Самара;0;2;Студия Варнофф;0.26666666666666666;"Студия Варнофф – интернет-агентство полного цикла – ищет в свою команду PHP программиста на Битрикс с опытом работы. Мы на самарском рынке с 2001 года. За это время мы приобрели большой опыт, постоянно развивались, модернизировали и совершенствовали действующие направления. В числе наших клиентов: - крупные промышленные предприятия; - успешные коммерческие компании; - строительные компании и др. Требуемый опыт работы: 3–6 лет (рассмотрим кандидатов с меньшим опытом, но огромным желанием учиться и работать) Требования: - Опыт работы с PHP7 (желательно ООП); - JS (знание jQuery); - Знания HTML\CSS; - Сертифицированный разработчик 1C-bitrix.Обязанности: - Поддержание работоспособности сайтов - Программирование, настройка интернет-проектов, интернет-магазинов - Интегрирование готовой верстки на Битрикс - Совместная работа в команде разработчиков через GIT - Написание понятного и удобочитаемого кода Мы предлагаем: - работу в крупной стабильной компании; - сложные и интересные проекты, которыми можно гордиться; - реальную возможность карьерного роста; - работу в молодом дружном коллективе; - чай-кофе в нашем офисе – в неограниченном количестве. Итоговая зарплата определяется по результатам собеседования в зависимости от вашей квалификации.Условия: - Полный рабочий день, 5/2 - Полная занятость Ключевые навыки: PHP5 CSS3 HTML JavaScript 1С-Битрикс Если вы хотите расти и развиваться вместе с нами – ждем вас на собеседование в нашем офисе!"; - Полный рабочий день, 5/2 - Полная занятость Ключевые навыки: PHP5 CSS3 HTML JavaScript 1С-Битрикс Если вы хотите расти и развиваться вместе с нами – ждем вас на собеседование в нашем офисе!;Требуемый опыт работы: 3–6 лет (рассмотрим кандидатов с меньшим опытом, но огромным желанием учиться и работать). Требования: - Опыт работы...;Программирование, настройка интернет-проектов, интернет-магазинов. - Интегрирование готовой верстки на Битрикс. - Совместная работа в команде разработчиков через GIT. - ;"HTML;JavaScript;1С-Битрикс;CSS;PHP";0;0;0;0;1;0;0;0;1;0;1;0;0;1;0;0;0;1;0;1;0;1;0;0;1;0;1;0
13;37;34035471;PHP-программист;Челябинск;1;2;Максимал;0.4666666666666667;"Мы ожидаем, что вы:  Знаете php; Знаете, что такое git и как с этим жить Работали с одним из популярных фреймворком Yii, Symfony, Laravel, Zend, Phalcon Понимаете, что такое ООП, и умеете применять на практике основные паттерны; Уверенно пишете SQL и умеете оптимизировать запросы; Понимаете, как устроен HTTP; Знакомы с Linux и умеете работать с командной строкой;  Мы будем рады, если вы:  Работали с фреймворком Phalcon; Имеете опыт работы с инструментами профилирования, дебага. Умеете пользоваться инструментами мониторинга, например, Grafana; Понимаете архитектуру высоконагруженных систем;  Условия работы:  Официальное оформление в компании; Плавающее начало рабочего дня; Бесплатные обеды в офисе, неограниченные чай/кофе/газировка.   ";;Понимаете, что такое ООП, и умеете применять на практике основные паттерны. Уверенно пишете SQL и умеете оптимизировать запросы. ;Работали с фреймворком Phalcon.;"Git;Linux;PHP;Phalcon;SQL";0;1;0;0;0;0;0;1;0;0;1;0;0;1;0;0;0;1;0;0;1;0;0;0;0;0;0;1
14;32;34166317;PHP-программист;Екатеринбург;1;2;Топлайнер;0.03333333333333333;Обязанности: Разработка ПО, развитие существующих проектов, тех. поддержка корпоративных программ. Требования:\Умение быстро включиться в проект, ответственность, обучаемость. Хороший опыт работы. Уверенное знание PHP (5,7), Mysql, \верстки на основе современных фреймворков. Условия: Офис в центре города. Зарплата без задержек. Полный рабочий день, небольшой коллектив, кофе.; Офис в центре города. Зарплата без задержек. Полный рабочий день, небольшой коллектив, кофе.;Требования:\Умение быстро включиться в проект, ответственность, обучаемость. Хороший опыт работы. Уверенное знание PHP (5,7), Mysql, \верстки на основе...;Обязанности: Разработка ПО, развитие существующих проектов, тех. поддержка корпоративных программ.;"PHP;MySQL;HTML5;jQuery;Yandex Maps API;CSS";0;0;0;1;0;0;0;1;0;0;1;0;0;1;0;0;0;1;1;0;0;0;1;0;1;0;0;1
15;15;33778752;PHP-программист (Junior);Новосибирск;1;2;ИОМ Анкетолог;0.06666666666666667;Anketolog - сервис для создания онлайн-опросов и проведения исследований. Наша компания является Новосибирским инновационным интернет-проектом существующим с 2010 года. Мы ищем целеустремленного, ответственного разработчика на PHP, который способен быстро подключиться к работе над проектом. Необходимые навыки и знания:  Хорошие знания PHP 5+ Понимание ООП (классы, наследование, интерфейсы, трейты, паттерны и пр.) Понимание принципов MVC Знание HTML, CSS и Javascript Знание SQL (индексы, джоины и пр.)  Будет плюсом:  Знание фреймворков Yii, Symfony Опыт работы с mongodb, sphinx, elasticsearch Опыт работы с Javascript библиотеками: backbonejs, marionettejs, react Опыт работы с системами правления версиями (git)  Мы можем предложить:  Собственный крупный интернет-проект Молодой, дружный коллектив Много интересных задач Работа в офисе в центре города Своевременная и в полном объеме выплата заработной платы Стабильная компания с хорошим опытом работы Заработная плата по договоренности в зависимости от вашей квалификации (внимательно выслушаем ваши пожелания на счет оплаты и рабочего графика).  Качества:  Пунктуальность, ответственность. Готовность выполнить небольшое тестовое задание. ;;Необходимые навыки и знания: Хорошие знания PHP 5+. Понимание ООП (классы, наследование, интерфейсы, трейты, паттерны и пр.). ;;"Yii;PHP;CSS3;JavaScript;jQuery;Backbone";0;0;0;0;1;0;1;0;0;0;1;0;0;1;0;0;0;1;0;1;0;0;1;1;0;0;0;1
16;16;34154189;PHP программист;Ростов-на-Дону;2;2;Химсервис;0.03333333333333333;Обязанности:  Разработка собственного проекта компании Поддержка проекта Составление и выполнение ТЗ по разработке и внедрению нового функционала  Требования:  Знание WEB - технологий PHP 5/7 Знание и понимание принципов работы с БД Работа на территории предприятия Знание HTML и CSS является дополнительным плюсом.  Условия:  5 дневная рабочая неделя График с 9-00 до 17-30. Суббота, воскресенье - выходные Удаленные работники не интересуют ;  5 дневная рабочая неделя График с 9-00 до 17-30. Суббота, воскресенье - выходные Удаленные работники не интересуют ;Знание WEB - технологий. PHP 5/7. Знание и понимание принципов работы с БД. Работа на территории предприятия. Знание HTML и...;Разработка собственного проекта компании. Поддержка проекта. Составление и выполнение ТЗ по разработке и внедрению нового функционала.;"Пользователь ПК;MS PowerPoint;MySQL;PHP";0;0;0;0;1;0;1;0;0;0;1;0;0;1;0;0;0;1;1;0;0;0;0;0;0;0;0;1
17;62;34275422;PHP-разработчик;Екатеринбург;1;1;Хоум Пицца;0.0;В команду разработки собственных проектов службы доставки Хоум-Пицца требуется PHP-разработчик. Ты нам подходишь, если: - Имеешь опыт разработки на PHP (мы используем 7) - Знаком с любым PHP фреймворком, например, Symfony или Laravel - Знаешь, как писать правильные SQL запросы (у нас MySQL) - Имеешь знакомство с AngularJS, JS, HTML, CSS - Понимаешь для чего нужен Git и как им пользоваться - Готов разбираться в чужом коде Что предстоит делать: - Сопровождение и модернизация существующих проектов компании - Участие в проектировании и разработке новых сервисов Мы предлагаем: - Молодой дружный коллектив - Удобный график работы - Официальное трудоустройство согласно ТК РФ - Достойный уровень заработной платы, выплачивается своевременно, 2 раза в месяц  ; - Молодой дружный коллектив - Удобный график работы - Официальное трудоустройство согласно ТК РФ - Достойный уровень заработной платы, выплачивается своевременно, 2 раза в месяц  ;Имеешь опыт разработки на PHP (мы используем 7). - Знаком с любым PHP фреймворком, например, Symfony или Laravel. - Знаешь, как писать...;Что предстоит делать: - Сопровождение и модернизация существующих проектов компании. - Участие в проектировании и разработке новых сервисов.;"MySQL;Git;AngularJS;JavaScript;PHP";0;0;0;1;0;0;0;1;0;0;1;0;0;1;0;0;0;1;1;1;1;0;0;0;0;0;0;1
18;80;34235388;PHP-программист;Новосибирск;2;1;Самопознание.ру и ВсеТренинги .ру;0.06666666666666667;Ищем ответственного разработчика для работы над проектами “Самопознание.ру” и “Всетренинги.ру”. Нашим порталам более 10 лет, и мы регулярно занимаемся их обновлением и активным развитием. Каждый день на наши сайты приходят тысячи людей. Одни из них хотят рассказать о своём тренинге, другие – найти мероприятие под свои задачи. Мы помогаем этим двум аудиториям встречаться и быть полезными друг другу. Приглашаем присоединиться к нашей команде. Обязанности:  разработка нового функционала, поддержка и доработка существующих сервисов, интеграция со сторонними продуктами (1С, различные виджеты и API).  Необходимые навыки:  опыт разработки на PHP, опыт работы с HTML / CSS, опыт использования JavaScript и jQuery, хорошее знание MySQL (умение оптимизировать запросы для больших объемов данных), знание и понимание ООП, шаблонов проектирования, умение работать с Git, знание шаблонизатора smarty будет плюсом.  Требования:  профильный опыт работы от 1 года, умение работать в команде, опыт совместной работы над кодом, способность разобраться в чужом коде, ответственность и инициативность, дотошность и высокая самоорганизованность, интерес к тематике личностного роста и саморазвития будет преимуществом.  Условия:  удаленная работа испытательный срок – 2 месяца, уровень заработной платы определяется по результатам собеседования.  В резюме укажите, пожалуйста, желаемый заработок и примеры выполненных проектов.;  удаленная работа испытательный срок – 2 месяца, уровень заработной платы определяется по результатам собеседования.  В резюме укажите, пожалуйста, желаемый заработок и примеры выполненных проектов.;Опыт разработки на PHP. Опыт работы с HTML / CSS. Опыт использования JavaScript и jQuery. Хорошее знание MySQL (умение оптимизировать запросы...;Разработка нового функционала. Поддержка и доработка существующих сервисов. Интеграция со сторонними продуктами (1С, различные виджеты и API).;"PHP;HTML;CSS;MySQL;JavaScript;jQuery;Git";0;0;0;0;1;0;0;1;0;0;0;0;1;0;0;0;1;1;1;1;1;1;1;0;1;0;0;0
19;85;34262031;Программист PHP (Junior);Самара;0;1;Интроверт;0.03333333333333333;"Интроверт — компания, которая занимается автоматизацией отделов продаж. Мы работаем с CRM-системой amoCRM и растем на 350% в год. За последние пять лет работы мы осуществили 200 проектов по внедрению, среди которых: Нетология-групп, Лайк Холдинг, CallbackHunter, газета Ведомости, HabraHabr, Гифтери, банк Точка и другие компании. Работы будет много. Мы строим распределенную команду, которая эффективна за счет IT-технологий и помогаем эти технологии внедрять своим клиентам. Кого мы ищем: Мы ищем трудолюбивого и ответственного человека, желающего развиваться в области программирования. Задачи: Задачи по автоматизации, работа с API сервисов телефонии, CRM, учетных систем и т.д.; Разработка fronted-приложений на JS Разработка функционала в рамках поставленных задач (PHP, MySQL, JS). Требования: Знание PHP, JS; Желание вникать в бизнес-логику выполняемых задач; Умение действовать самостоятельно; Умение разбираться в чужом коде; Плюсом будет знание CSS, HTML, JQuery; Приветствуется: умение работать с git, composer; Личные качества: ответственность, коммуникабельность, желание обучаться и вникать в задачи. Мы предлагаем: Работа на интересном проекте на растущем рынке и технически сильной команде; Возможность профессионального и карьерного роста; Обучение от технического директора (опыт в IT 8 лет) и продуктовой команды; График работы: 5/2 с 09.00 до 18.00 (возможен более гибкий график по индивидуальной договоренности); Стажировка в течение 2-х недель, оклад 15 000 рублей. По окончании стажировки работа в компании, оклад 20 000 с ростом до 40 000. Отсутствие необходимости работать в офисе: можно из дома, кафе или Таиланда; Молодой и дружный коллектив.";" Работа на интересном проекте на растущем рынке и технически сильной команде; Возможность профессионального и карьерного роста; Обучение от технического директора (опыт в IT 8 лет) и продуктовой команды; График работы: 5/2 с 09.00 до 18.00 (возможен более гибкий график по индивидуальной договоренности); Стажировка в течение 2-х недель, оклад 15 000 рублей. По окончании стажировки работа в компании, оклад 20 000 с ростом до 40 000. Отсутствие необходимости работать в офисе: можно из дома, кафе или Таиланда; Молодой и дружный коллектив.";Знание PHP, JS. Желание вникать в бизнес-логику выполняемых задач. Умение действовать самостоятельно. Умение разбираться в чужом коде. ;Задачи по автоматизации, работа с API сервисов телефонии, CRM, учетных систем и т.д.. Разработка fronted-приложений на JS. ;"CSS;PHP;HTML;jQuery;JavaScript;Git;CRM;Веб-программирование";0;0;0;0;1;0;1;0;0;0;0;0;1;1;0;0;0;1;0;1;1;1;1;0;1;0;0;1
20;38;33948263;Начинающий PHP-программист;Челябинск;0;1;Некстайп;0.6;Мы ищем в команду начинающего backend разработчика. Научим его правильно и быстро разрабатывать приложения на PHP с использованием популярных фреймворков, в совершенстве владеть unix-подобными системами и составлять сложные SQL запросы. Все знания будем приправлять системами контроля версий, к примеру git.Если ты давно хотел программировать для веб, и понимаешь, что дорогу осилит идущий, скорее отправляй информацию о себе, нам на почту. Крайне желательно, чтобы кандидат четко отличал Backend от Frontend, хорошо владел HTML5 и умел пользоваться таблицами каскадных стилей.Плюсом будут знания JavaScript. И еще мы терпеть не можем нытиков, использующих глаголы “попробую”, “попытаюсь”, “постараюсь” в повседневной жизни, а всех остальных любим, ценим и дарим плюшки. Обязательное условие - прохождение тестового задания.;;Крайне желательно, чтобы кандидат четко отличал Backend от Frontend, хорошо владел HTML5 и умел пользоваться таблицами каскадных стилей. ;;"PHP;MySQL;JavaScript;Git;HTML";0;1;0;0;0;0;1;0;0;0;1;0;0;1;0;0;0;1;1;1;1;1;0;0;0;0;0;0
21;19;29139466;Начинающий PHP-программист;Ростов-на-Дону;0;1;ЗАЗЕКС;0.06666666666666667;"Начинающий PHP-программист Наша компания занимается предоставлением полного спектра услуг по разработке ПО для заказчиков со всего мира.Компания состоит из двух офисов – девелоперский центр в Ростове-на-Дону (он же головной офис) и офис продаж в Мельбурне, Австралия.Мы предоставляем услуги web-разработки, мобильной разработки, десктопной разработки, математического прикладного программирования, проектирования, тестирования и создания графического дизайна.   Мы приглашаем на работу Начинающего PHP- программиста в web-отдел в головной офис в Ростове-на-Дону. Требования:    ответственность; техническое образование (допускается неоконченное); обучаемость; знание PHP; желательно знание SQL‚ JavaScript; желателен какой-то опыт работы в области программирования; умение работать в команде; приветствуется наличие примеров Ваших проектов.  Условия:  оформление согласно Трудовому Кодексу РФ; только крупные и сложные проекты; работа с инновационными технологиями, о которых другие компании боятся даже подумать; большое количество коллег по цеху, скучать не будете; система премирования (помимо указанного оклада выплачиваются ежемесячные премии согласно эффективности труда); оплачиваемые переработки для трудоголиков (9-й и 10-й час в день по тарифу 150%‚ 11-й и далее по тарифу 200%); возможность корпоративного обучения; полный соц. пакет; достойная заработная плата; уважительное отношение к сотрудникам; подвозка к месту работы/домой для жителей ЗЖМ; свой повар + своя столовая; большой, хороший‚ уютный офис в натуральном деревянном стиле с большим количеством зелени; неограниченная парковка для сотрудников компании; бесплатные снэки (перекусы); доступный досуг (настольный футбол‚ PlayStation VR‚ Sega Mega Drive 2, турник‚ брусья‚ электрогитара‚ басуха‚ пианино, массажное кресло Yamaguchi YA-6000, свежий воздух); офис вблизи транспортной развязки Квадро; восьмичасовой рабочий день. Перерыв 1 час + два кофе-тайма по 15 минут; если вы дочитали до этой строчки, то вот вам бонус: фактическая зарплата, как правило, выше, чем указанная в вакансии; все вышеперечисленное - правда. ";"  оформление согласно Трудовому Кодексу РФ; только крупные и сложные проекты; работа с инновационными технологиями, о которых другие компании боятся даже подумать; большое количество коллег по цеху, скучать не будете; система премирования (помимо указанного оклада выплачиваются ежемесячные премии согласно эффективности труда); оплачиваемые переработки для трудоголиков (9-й и 10-й час в день по тарифу 150%‚ 11-й и далее по тарифу 200%); возможность корпоративного обучения; полный соц. пакет; достойная заработная плата; уважительное отношение к сотрудникам; подвозка к месту работы/домой для жителей ЗЖМ; свой повар + своя столовая; большой, хороший‚ уютный офис в натуральном деревянном стиле с большим количеством зелени; неограниченная парковка для сотрудников компании; бесплатные снэки (перекусы); доступный досуг (настольный футбол‚ PlayStation VR‚ Sega Mega Drive 2, турник‚ брусья‚ электрогитара‚ басуха‚ пианино, массажное кресло Yamaguchi YA-6000, свежий воздух); офис вблизи транспортной развязки Квадро; восьмичасовой рабочий день. Перерыв 1 час + два кофе-тайма по 15 минут; если вы дочитали до этой строчки, то вот вам бонус: фактическая зарплата, как правило, выше, чем указанная в вакансии; все вышеперечисленное - правда. ";Ответственность. Техническое образование (допускается неоконченное). Обучаемость. Знание PHP. Желательно знание SQL‚ JavaScript. Желателен какой-то опыт работы в области программирования. ;Мы предоставляем услуги web-разработки, мобильной разработки, десктопной разработки, математического прикладного программирования, проектирования, тестирования и создания графического дизайна. ;"PHP;Node.js;JavaScript;HTML;HTML5;Linux;Git;ООП;MySQL;CSS;PHP5";0;0;0;0;1;0;1;0;0;0;1;0;0;1;0;0;0;1;1;1;1;1;0;0;1;1;0;1
22;57;34113437;PHP-программист;Казань;1;0;Прайм Тайм;0.3;Обязанности:  поддержка сайтов и сервисов  Требования:  знание php,js, git опыт работы с фреймворками базовое знание верстки базовые знание графических программ  Условия:  работа в офисе зп обсуждается после собеседования ;  работа в офисе зп обсуждается после собеседования ;Знание php,js, git. Опыт работы с фреймворками. Базовое знание верстки. Базовые знание графических программ.;Поддержка сайтов и сервисов.;"Git;PHP;HTML;phpMyAdmin";0;0;1;0;0;0;0;1;0;0;1;0;0;1;0;0;0;1;0;0;1;1;0;0;0;0;0;1
23;26;34088754;PHP-программист;Екатеринбург;2;2;Ананас. ИТ Решения;0.03333333333333333;Компания Ананас. Мы специализируемся на разработке не типовых проектов, внутренних систем для бизнеса. Ищем Backend PHP разработчика, готового изучать новые технологии и развиваться вместе с нами для длительного сотрудничества Обязанности:  Разработка систем c использованием языка PHP (преимущественно Laravel) Техническая поддержка разработанных систем Разработка внутренних систем компании  Требования: Обязательно:  Уверенное знание PHP Понимание принципов ООП Пунктуальность в решении задач Умение работать с системой контроля версий GIT Знание основ баз данных Стремление развиваться и становиться все лучше и лучше  Будет плюсом:  Базовые знание HTML, CSS, JS Опыт покрытия кода тестами  Условия  Гибкое начало рабочего дня до 10:30 Официальное трудоустройство согласно ТК РФ Предоставим все необходимое для комфортной и качественной работы Дружный и сплоченный коллектив Возможность поработать в сложных и нестандартных проектах Возможность обучаться и принимать участие в различных конференциях  Плюшки:  Работа над нетипичными проектами Регулярные корпоративные мероприятия Профессиональный рост Доступ к различным обучающим материалам Компенсация обедов Возможность стать FullStack разработчиком Льготы от наших партнеров (Мозгобойня) ;;Уверенное знание PHP. Понимание принципов ООП. Пунктуальность в решении задач. Умение работать с системой контроля версий GIT. Знание основ баз...;Разработка систем c использованием языка PHP (преимущественно Laravel). Техническая поддержка разработанных систем. Разработка внутренних систем компании.;"PHP;MySQL;ООП;Git;Laravel;PostgreSQL;backend";0;0;0;1;0;0;0;1;0;1;0;0;0;1;0;0;0;1;1;0;1;0;0;0;0;1;0;1
24;39;34204870;Разработчик / программист на PHP и 1С-Битрикс;Ростов-на-Дону;2;1;Ивит;0.0;Нужно будет делать:  Поддерживать существующие сайты и участвовать в создании новых веб-проектов. Использовать все возможности CMS, в том числе 1С-Битрикса, для решения типичных и нетипичных задач. Писать новые модули, если это необходимо. Интегрировать сайты с 1С Предприятие и другими сторонними системами заказчика. Помогать менеджерам составлять технические задания на проекты.  Обязательные требования:  Опыт разработки на PHP/MySQL не менее 1 года. Базовые знания и опыт работы с различными CMS и Framework (например, UMI, Symfony, Drupal, MODx, Wordpress, OpenCart). Уверенно знать JS, AJAX, HTML, CSS. Базовые знания по настройке хостингов и веб-серверов (через консоль).  Приветствуется:  Умение просто объяснить сложные вещи. Умение правильно прогнозировать время, необходимое для решения задачи. Активное участие в профессиональных сообществах. Наличие различных сертификатов и наград. Опыт работы в веб-студии.  Мы рады принять в свою команду компетентных специалистов:  С высшим образованием. Желательно, с техническим. Считающих, что ответственность, аккуратность, системное мышление, пунктуальность и исполнительность – это не просто слова. Готовых постоянно совершенствовать свои профессиональные навыки.  Условия работы:  Удаленная работа Полная занятость при достаточно гибком графике. Работа в динамично развивающейся компании Дружный коллектив.    Напишите о себе, не забудьте про портфолио.;;Опыт разработки на PHP/MySQL не менее 1 года. Базовые знания и опыт работы с различными CMS и Framework (например...;Поддерживать существующие сайты и участвовать в создании новых веб-проектов. Использовать все возможности CMS, в том числе 1С-Битрикса...;"PHP;MySQL;JavaScript;Git;HTML";0;0;0;0;1;0;0;1;0;0;0;0;1;1;0;0;0;1;1;1;1;1;0;0;0;0;0;0
25;20;34204869;Разработчик / программист на PHP и 1С-Битрикс;Самара;2;2;Ивит;0.0;Нужно будет делать:  Поддерживать существующие сайты и участвовать в создании новых веб-проектов. Использовать все возможности CMS, в том числе 1С-Битрикса, для решения типичных и нетипичных задач. Писать новые модули, если это необходимо. Интегрировать сайты с 1С Предприятие и другими сторонними системами заказчика. Помогать менеджерам составлять технические задания на проекты.  Обязательные требования:  Опыт разработки на PHP/MySQL не менее 1 года. Базовые знания и опыт работы с различными CMS и Framework (например, UMI, Symfony, Drupal, MODx, Wordpress, OpenCart). Уверенно знать JS, AJAX, HTML, CSS. Базовые знания по настройке хостингов и веб-серверов (через консоль).  Приветствуется:  Умение просто объяснить сложные вещи. Умение правильно прогнозировать время, необходимое для решения задачи. Активное участие в профессиональных сообществах. Наличие различных сертификатов и наград. Опыт работы в веб-студии.  Мы рады принять в свою команду компетентных специалистов:  С высшим образованием. Желательно, с техническим. Считающих, что ответственность, аккуратность, системное мышление, пунктуальность и исполнительность – это не просто слова. Готовых постоянно совершенствовать свои профессиональные навыки.  Условия работы:  Удаленная работа Полная занятость при достаточно гибком графике. Работа в динамично развивающейся компании Дружный коллектив.    Напишите о себе, не забудьте про портфолио.;;Опыт разработки на PHP/MySQL не менее 1 года. Базовые знания и опыт работы с различными CMS и Framework (например...;Поддерживать существующие сайты и участвовать в создании новых веб-проектов. Использовать все возможности CMS, в том числе 1С-Битрикса...;"PHP;MySQL;JavaScript;Git;HTML";0;0;0;0;1;0;0;1;0;0;0;0;1;1;0;0;0;1;1;1;1;1;0;0;0;0;0;0
26;81;33909044;PHP-программист;Казань;2;0;БУЛГАР-МАРКЕТИНГ;0.7333333333333333;"Обязанности:  выполнение работ по техническому заданию проекта web разработка развитие функционала электронно-торговой площадки проработка вопросов безопасности, защита от НСД и уменьшение объема НДВ  Требования:  Опыт разработки и сопровождения продукта на PHP в команде от 1 года; Умение работать в команде Исполнительность, соблюдение сроков работы Высшее образование (профильное/техническое) Быть готовым быть на связи 24/7  Условия:  Официальное оформление и стабильный доход;  График работы 5\2 (с 9.00 до 18.00)   Возможность профессионального и карьерного роста.  Работа в среде профессионалов с перспективами карьерного роста Работа только в офисе, удаленная работа НЕ предусмотрена ";"  Официальное оформление и стабильный доход;  График работы 5\2 (с 9.00 до 18.00)   Возможность профессионального и карьерного роста.  Работа в среде профессионалов с перспективами карьерного роста Работа только в офисе, удаленная работа НЕ предусмотрена ";Опыт разработки и сопровождения продукта на PHP в команде от 1 года. Умение работать в команде. Исполнительность, соблюдение сроков работы. ;Выполнение работ по техническому заданию проекта. Web разработка. Развитие функционала электронно-торговой площадки. Проработка вопросов безопасности, защита от НСД и...;"Работа в команде;phpMyAdmin;PHP;Работа с большим объемом информации;соблюдение сроков;организованность;Аналитический склад ума";0;0;1;0;0;0;0;1;0;0;1;0;0;1;0;0;0;1;0;0;0;0;0;0;0;0;0;1
27;29;33939469;PHP-программист-разработчик YII/Битрикс (Bitrix);Омск;3;4;Марченко В.А. / Студия Гекко;0.6;"О нас. Компания Gekko занимается разработкой сложных сайтов и сервисов, а также их поддержкой и модернизацией. Работаем на Yii2, Yii1 и Битриксе через Git. В среднем на проекте участвует 3-5 человек, есть team-lead, который помогает разбираться в сложных вопросах. Мы стараемся внедрять самые эффективные и надежные решения, и разработчики помогают друг другу. Мэйн-офис расположен в Минске (Беларусь) в Парке высоких технологий. Время МСК.   Кого мы ищем:  в связи с расширением штата компании, мы ищем увлеченных разработчиков, которые программируют не только потому, что в этой отрасли хорошо платят, но и потому, что создание продуманных приложений приносит им удовольствие и гордость за хорошо сделанную работу. мы не хотим сталкиваться с работой, сделанной для галочки, так сойдет и т.д. часть программистов у нас работает удаленно, часть - в офисе. мы ищем разработчика на постоянную удаленную работу (ведение нескольких проектов, разработка новых на yii и битриксе).    ВАЖНО!  вам не нужно знать и битрикс, laravel и YII одновременно. Достаточно владеть одной технологией. В соответствии с вашей компетенцией будут формироваться задачи. Если вы YII-программист - все проекты будут на YII. Если битрикс - то на битриксе.  Требования:  php (выше среднего); javascript; jQuery (выше среднего); yii2, битрикс; bootstrap, понимание html и css; git; умение работать с консолью Linux; понимание работы веб-серверов; понимание ООП, знание архитектуры mvc; наличие реализованных на yii или битриксе проектов обязательно; опыт работы от 1 года.  Личностные качества:  умение находить быстрые и оптимальные решения; исполнительность; желание создавать законченный продукт; самостоятельность и дисциплинированность.  Обязанности:  вы будете писать проекты «с нуля», а также сопровождать готовые проекты на yii или битриксе.  Условия:  работа удаленно (график по согласованию); возможна работа по совместительству; от 4 до 8 часов в день (полная либо частичная занятость).    В откликах указывайте ссылкой ваш id vk.com и технологию (yii или битрикс).";"  работа удаленно (график по согласованию); возможна работа по совместительству; от 4 до 8 часов в день (полная либо частичная занятость).    В откликах указывайте ссылкой ваш id vk.com и технологию (yii или битрикс).";Php (выше среднего). Javascript. JQuery (выше среднего). Yii2, битрикс. Bootstrap, понимание html и css. Git. Умение работать с консолью...;;"PHP;jQuery;JavaScript;ООП;Yii;1С-Битрикс;Bitrix";0;0;0;0;1;0;0;1;0;0;0;0;1;0;0;0;1;1;0;1;0;0;1;1;0;1;1;1
28;81;33939467;PHP-программист/разработчик YII/Битрикс (Bitrix);Ростов-на-Дону;3;1;Марченко В.А. / Студия Гекко;0.6;"О нас. Компания Gekko занимается разработкой сложных сайтов и сервисов, а также их поддержкой и модернизацией. Работаем на Yii2, Yii1 и Битриксе через Git. В среднем на проекте участвует 3-5 человек, есть team-lead, который помогает разбираться в сложных вопросах. Мы стараемся внедрять самые эффективные и надежные решения, и разработчики помогают друг другу. Мэйн-офис расположен в Минске (Беларусь) в Парке высоких технологий. Время МСК.   Кого мы ищем:  в связи с расширением штата компании, мы ищем увлеченных разработчиков, которые программируют не только потому, что в этой отрасли хорошо платят, но и потому, что создание продуманных приложений приносит им удовольствие и гордость за хорошо сделанную работу. мы не хотим сталкиваться с работой, сделанной для галочки, так сойдет и т.д. часть программистов у нас работает удаленно, часть - в офисе. мы ищем разработчика на постоянную удаленную работу (ведение нескольких проектов, разработка новых на yii и битриксе).    ВАЖНО!  вам не нужно знать и битрикс и YII одновременно. Достаточно владеть одной технологией. В соответствии с вашей компетенцией будут формироваться задачи. Если вы YII-программист - все проекты будут на YII. Если битрикс - то на битриксе.  Требования:  php (выше среднего); javascript; jQuery (выше среднего); yii2, битрикс; bootstrap, понимание html и css; git; умение работать с консолью Linux; понимание работы веб-серверов; понимание ООП, знание архитектуры mvc; наличие реализованных на yii или битриксе проектов обязательно; опыт работы от 1 года.  Личностные качества:  умение находить быстрые и оптимальные решения; исполнительность; желание создавать законченный продукт; самостоятельность и дисциплинированность.  Обязанности:  вы будете писать проекты «с нуля», а также сопровождать готовые проекты на yii или битриксе.  Условия:  работа удаленно (график по согласованию); возможна работа по совместительству; от 4 до 8 часов в день (полная либо частичная занятость).    В откликах указывайте ссылкой ваш id vk и технологию (yii или битрикс).";"  работа удаленно (график по согласованию); возможна работа по совместительству; от 4 до 8 часов в день (полная либо частичная занятость).    В откликах указывайте ссылкой ваш id vk и технологию (yii или битрикс).";Php (выше среднего). Javascript. JQuery (выше среднего). Yii2, битрикс. Bootstrap, понимание html и css. Git. Умение работать с консолью...;;"PHP;jQuery;JavaScript;ООП;Yii;1С-Битрикс;Bitrix";0;0;0;0;1;0;0;1;0;0;0;0;1;0;0;0;1;1;0;1;0;0;1;1;0;1;1;1
29;72;33939438;PHP-программист (разработчик) YII/Битрикс(Bitrix);Казань;3;0;Марченко В.А. / Студия Гекко;0.6;"О нас. Компания Gekko занимается разработкой сложных сайтов и сервисов, а также их поддержкой и модернизацией. Работаем на Yii2, Yii1 и Битриксе через Git. В среднем на проекте участвует 3-5 человек, есть team-lead, который помогает разбираться в сложных вопросах. Мы стараемся внедрять самые эффективные и надежные решения, и разработчики помогают друг другу. Мэйн-офис расположен в Минске (Беларусь) в Парке высоких технологий. Время МСК.   Кого мы ищем:  в связи с расширением штата компании, мы ищем увлеченных разработчиков, которые программируют не только потому, что в этой отрасли хорошо платят, но и потому, что создание продуманных приложений приносит им удовольствие и гордость за хорошо сделанную работу. мы не хотим сталкиваться с работой, сделанной для галочки, так сойдет и т.д. часть программистов у нас работает удаленно, часть - в офисе. мы ищем разработчика на постоянную удаленную работу (ведение нескольких проектов, разработка новых на yii и битриксе).    ВАЖНО!  вам не нужно знать и битрикс, laravel и YII одновременно. Достаточно владеть одной технологией. В соответствии с вашей компетенцией будут формироваться задачи. Если вы YII-программист - все проекты будут на YII. Если битрикс - то на битриксе.  Требования:  php (выше среднего); javascript; jQuery (выше среднего); yii2, битрикс; bootstrap, понимание html и css; git; умение работать с консолью Linux; понимание работы веб-серверов; понимание ООП, знание архитектуры mvc; наличие реализованных на yii или битриксе проектов обязательно; опыт работы от 1 года.  Личностные качества:  умение находить быстрые и оптимальные решения; исполнительность; желание создавать законченный продукт; самостоятельность и дисциплинированность.  Обязанности:  вы будете писать проекты «с нуля», а также сопровождать готовые проекты на yii или битриксе.  Условия:  работа удаленно (график по согласованию); возможна работа по совместительству; от 4 до 8 часов в день (полная либо частичная занятость).    В откликах указывайте ссылкой ваш id vk.com и технологию (yii или битрикс).";"  работа удаленно (график по согласованию); возможна работа по совместительству; от 4 до 8 часов в день (полная либо частичная занятость).    В откликах указывайте ссылкой ваш id vk.com и технологию (yii или битрикс).";Php (выше среднего). Javascript. JQuery (выше среднего). Yii2, битрикс. Bootstrap, понимание html и css. Git. Умение работать с консолью...;;"PHP;jQuery;JavaScript;ООП;Yii;1С-Битрикс;Bitrix";0;0;1;0;0;0;0;1;0;0;0;0;1;0;0;0;1;1;0;1;0;0;1;1;0;1;1;1
30;40;33939473;PHP-программист/разработчик (YII/Битрикс/Bitrix);Челябинск;3;2;Марченко В.А. / Студия Гекко;0.6;"О нас. Компания Gekko занимается разработкой сложных сайтов и сервисов, а также их поддержкой и модернизацией. Работаем на Yii2, Yii1 и Битриксе через Git. В среднем на проекте участвует 3-5 человек, есть team-lead, который помогает разбираться в сложных вопросах. Мы стараемся внедрять самые эффективные и надежные решения, и разработчики помогают друг другу. Мэйн-офис расположен в Минске (Беларусь) в Парке высоких технологий. Время МСК.   Кого мы ищем:  в связи с расширением штата компании, мы ищем увлеченных разработчиков, которые программируют не только потому, что в этой отрасли хорошо платят, но и потому, что создание продуманных приложений приносит им удовольствие и гордость за хорошо сделанную работу. мы не хотим сталкиваться с работой, сделанной для галочки, так сойдет и т.д. часть программистов у нас работает удаленно, часть - в офисе. мы ищем разработчика на постоянную удаленную работу (ведение нескольких проектов, разработка новых на yii и битриксе).    ВАЖНО!  вам не нужно знать и битрикс, laravel и YII одновременно. Достаточно владеть одной технологией. В соответствии с вашей компетенцией будут формироваться задачи. Если вы YII-программист - все проекты будут на YII. Если битрикс - то на битриксе.  Требования:  php (выше среднего); javascript; jQuery (выше среднего); yii2, битрикс; bootstrap, понимание html и css; git; умение работать с консолью Linux; понимание работы веб-серверов; понимание ООП, знание архитектуры mvc; наличие реализованных на yii или битриксе проектов обязательно; опыт работы от 1 года.  Личностные качества:  умение находить быстрые и оптимальные решения; исполнительность; желание создавать законченный продукт; самостоятельность и дисциплинированность.  Обязанности:  вы будете писать проекты «с нуля», а также сопровождать готовые проекты на yii или битриксе.  Условия:  работа удаленно (график по согласованию); возможна работа по совместительству; от 4 до 8 часов в день (полная либо частичная занятость).    В откликах указывайте ссылкой ваш id vk.com и технологию (yii или битрикс).";"  работа удаленно (график по согласованию); возможна работа по совместительству; от 4 до 8 часов в день (полная либо частичная занятость).    В откликах указывайте ссылкой ваш id vk.com и технологию (yii или битрикс).";Php (выше среднего). Javascript. JQuery (выше среднего). Yii2, битрикс. Bootstrap, понимание html и css. Git. Умение работать с консолью...;;"PHP;jQuery;JavaScript;ООП;Yii;1С-Битрикс;Bitrix";0;1;0;0;0;0;0;1;0;0;0;0;1;0;0;0;1;1;0;1;0;0;1;1;0;1;1;1
31;36;34031147;PHP-программист;Санкт-Петербург;4;4;ВАШАКОМНАТА.РФ;0.0;"В нашу стремительно развивающуюся компанию требуется профильный специалист. Обязанности:  программирование и поддержка интернет-магазина; программирование и поддержка расширений для системы управления контентом (плагинов, модулей, компонентов)  Требования:  опыт работы от 3-х лет; отличные знания PHP (object, MVC технология); MySQL (оптимизация запросов для HighLoad); JavaScript (преимущественно jQuery); Навыки разработки шлюзов RestAPI; обладать навыками командной работы и контроля версий (mercurial, git); HTML и CSS  Система управления контентом:  Joomla 2.5 - 3 (на уровне написания плагинов и модулей используя API CMS) Joomshopping (глубокое знание компонента, умение дописывать новые контроллеры, модели, шаблоны, плагины на фронт и админ.панель CMS)  Условия:  Оформление по ТК РФ График работы - 5/2 Молодой дружный коллектив ";  Оформление по ТК РФ График работы - 5/2 Молодой дружный коллектив ;Опыт работы от 3-х лет. Отличные знания PHP (object, MVC технология). MySQL (оптимизация запросов для HighLoad). JavaScript (преимущественно jQuery). ;Программирование и поддержка интернет-магазина. Программирование и поддержка расширений для системы управления контентом (плагинов, модулей, компонентов). Joomla 2.5 - 3...;"Adobe Photoshop;Google Analytics;Веб-аналитика;Интернет-реклама;Маркетинговый анализ;Яндекс.Метрика;E-Mail Marketing;HTML;Копирайтинг";0;0;0;0;1;0;0;0;1;0;1;0;0;1;0;0;0;0;0;0;0;1;0;0;0;0;0;1
32;83;33661351;PHP-разработчик;Екатеринбург;4;2;Метротел;0.06666666666666667;"Международный облачный сервис, специализирующийся на телекоммуникационных услугах, приглашает в свою команду PHP-разработчика. Ищем человека, которому интересно работать в продуктовой компании, развиваться и развивать.   Обязанности: - модификация существующего ПО - написание нового ПО - развитие и поддержание крупного облачного проекта Требования: - знание PHP, MySQL, JS, Ajax, HTML, CSS; - опыт работы с фреймворками - умение разбираться в чужом коде; - знание сетевых протоколов и принципов их работы; - приветствуется знание других языков программирования (C, Java, Perl); - желание учиться и развиваться. Мы предлагаем: - активное участие в проектировании и построении процесса разработки - достойный уровень заработной платы - комфортный офис   Вакансия предполагает выполнение тестового задания  "; - активное участие в проектировании и построении процесса разработки - достойный уровень заработной платы - комфортный офис   Вакансия предполагает выполнение тестового задания  ;знание PHP, MySQL, JS, Ajax, HTML, CSS. - опыт работы с фреймворками. - умение разбираться в чужом коде. - знание сетевых протоколов и...;модификация существующего ПО. - написание нового ПО. - развитие и поддержание крупного облачного проекта. - активное участие в проектировании и построении процесса разработки.;"PHP;MySQL;Ajax;HTML;CSS";0;0;0;1;0;0;0;0;1;0;1;0;0;1;0;0;0;1;1;0;0;1;0;0;1;0;0;1
33;37;34249103;PHP-программист;Новосибирск;4;3;ИОМ Анкетолог;0.03333333333333333;"Anketolog.ru - российский проект, предоставляющий услуги для сферы В2В2C по проведению социологических и маркетинговых исследований. Компания основана в 2010 году.Мы ищем ответственного разработчика на PHP, который способен быстро подключиться к работе над проектом. Необходимые навыки и знания:  Хорошие знания PHP 5+; Понимание ООП (классы, наследование, интерфейсы, трейты, паттерны и пр.); Понимание принципов MVC; Знание HTML, CSS и Javascript; Знание SQL (индексы, джоины и пр.).  Будет плюсом:  Знание фреймворков Yii, Symfony; Опыт работы с mongodb, sphinx, elasticsearch; Опыт работы с Javascript библиотеками: backbonejs, marionettejs, react; Опыт работы с системами правления версиями (git).  Условия:  работа в IT-проекте;   молодой коллектив;   возможность карьерного роста; офис в центре города; достойная и своевременная заработная плата с возможностью роста;   официальное трудоустройство; размер заработной платы обсуждается на собеседовании. ";"  работа в IT-проекте;   молодой коллектив;   возможность карьерного роста; офис в центре города; достойная и своевременная заработная плата с возможностью роста;   официальное трудоустройство; размер заработной платы обсуждается на собеседовании. ";Хорошие знания PHP 5+. Понимание ООП (классы, наследование, интерфейсы, трейты, паттерны и пр.). Понимание принципов MVC. Знание HTML, CSS...;Работа в IT-проекте.;"Yii;PHP;PHP7;CSS3;JavaScript;jQuery;marionettejs;reactjs;Backbone";0;0;0;0;1;0;0;1;0;0;1;0;0;1;0;0;0;1;0;1;0;0;1;1;0;0;0;1
34;14;34089388;PHP-программист;Екатеринбург;5;2;Тех-Ник;0.03333333333333333;В IT-команду компании требуется php-программист для участия в поддержке и развитии внутренних crm-систем компании, полная занятость, полный рабочий день. Работа в офисе Требования: * Опыт разработки на php * Опыт работы с SQL БД (у нас MySQL) * Знание английского для чтения документации Задачи: * Поддержка/эксплуатация существующих систем * Добавления нового функционала в системы В наших проектах: * Ubuntu, PHP 7.x, немного Node.js, ElasticSearch * Контроль версий: git   Заработная плата рассматривается в рамках ожиданий кандидатов;;Опыт разработки на php. * Опыт работы с SQL БД (у нас MySQL). * Знание английского для чтения документации.;Поддержка/эксплуатация существующих систем. * Добавления нового функционала в системы. В наших проектах: * Контроль версий: git.;"PHP;MySQL";0;0;0;1;0;0;0;1;0;0;1;0;0;1;0;0;0;1;1;0;0;0;0;0;0;0;0;0
35;5;34248299;Senior PHP developer (Yii2);Новосибирск;6;3;Americor Funding Inc;0.03333333333333333;"Привет! Меня зовут Лена. Я тимлид ключевого продукта Americor — нашей внутренней CRM платформы и ищу классных разработчиков к нам в команду. О компании  Мы – одна из самых быстрорастущих FinTech компаний на рынке США. Нам 3.5 года и нас оценивают в более чем $400 млн, планируем через 2 года выйти на IPO с оценкой $1 млрд +. Мы решаем огромную проблему перекредитования населения и помогаем простым людям выбраться из долговой ямы.  В связи с нашим ростом, нам нужны опытные бойцы (PHP-разработчики) в команду для поддержания темпа роста и решения множества интересных задач.  У нас программисты влияют на решения Перед каждой задачей мы решаем вопросы: понимаю ли я зачем мы делаем задачу? согласен ли я что нужно ее делать? есть ли другие решения задачи? Не делаем, если сомневаемся. Делаем только самое важное. Выкидываем минорные use-cases, если их сложно делать. Рассматриваем и обсуждаем предложения по улучшению и рефакторингу. Мы хотим сделать хороший продукт Мы используем новые популярные технологии, только если они решают наши проблемы. Помним про технический долг и поддерживаем проект в удобном для разработки виде. Максимально используем средства фреймворка. Когда эти средства не подходят, проектируем свои подходы. Мы за простые решения Упрощать здорово. Усложняй, только если это оправданно. Используй сторонние решения. Не пиши велосипеды. Не делай лишнего. Сделай только то, что нужно для решения задачи. Сделай хорошо. Мы используем технологии PHP 7+, Yii2, MariaDB Twitter Bootstrap, React, LESS Вебсокеты для realtime синхронизации действий на платформе. Digium Switchvox и WebRTC для звонков Github, Jira, Slack, Confluence Тебе подойдет наша команда, если У тебя большой опыт разработки на PHP (от 5 лет) с использованием фреймворка Yii2 (от 3 лет); Ты в курсе особенностей поддержки и развития больших проектов долгое время, умеешь предполагать потенциальные проблемы; Знаешь что такое постоянно меняющиеся требования к функционалу и как выбирать между скоростью и качеством; Знаешь как писать быстрые SQL запросы, профилировать производительность, находить узкие места; Умеешь делать интерфейсы как встроенными средствами Yii2 (Pjax), так и с помощью js фреймворков (React); Был опыт использования API сторонних сервисов, так и опыт разработки собственного REST API; Знаешь как работать с Linux серверами (CentOS);   Мы можем не сработаться если   Ты не серьезно подходишь к распределению рабочего времени. Удаленная работа требует дисциплины и самоорганизации. Ты не доводишь задачи до конца, желая скорее сдать работу. Ты не переносишь legacy код. Есть legacy части, которые нет смысла и желания переписывать. Ты очень любишь спорить и не идешь на компромиссы. Ты перфекционист и делаешь идеальные решения долго и упорно. Мы предлагаем Удалённую работу на полный рабочий день, гибкий график. Работу над интересными задачами. Возможность улучшать знания английского языка. Достойный уровень заработной платы (обсуждается на собеседовании). Оплачиваемый отпуск. Что надо сделать? высылай резюме пообщаемся лично";;Мы хотим сделать хороший продукт. У тебя большой опыт разработки на PHP (от 5 лет) с использованием фреймворка Yii2...;Выкидываем минорные use-cases, если их сложно делать. Максимально используем средства фреймворка. Когда эти средства не подходят, проектируем свои подходы. ;"Git;Yii;JavaScript;Linux;SQL;PHP;Bootstrap;jQuery;HTML;CSS;Less;MySQL";0;0;0;0;1;0;0;0;1;0;0;0;1;1;0;0;0;1;1;1;1;1;1;1;1;0;0;1
36;45;34273049;PHP-программист;Екатеринбург;3;2;Сушкоф, ресторан и служба доставки;0.0;В компанию Сушкоф требуется PHP-программист в команду разработки внутренней системы автоматизации.Требования:- опыт PHP-разработки от 3 лет, опыт разработки на MVC-фреймворках- хорошее знание MySQL, опыт оптимизации SQL-запросов- javascript/JQuery (большим плюсом будет знание VueJs, ES6+, Angular1)- cистемы контроля версий: mercurial, git- обучаемость, умение работы в команде Обязанности: - разработка внутренней системы автоматизации и обработки заказов (Yii 1 framework) - разработка нового функционала в соответствии с техническим заданием и развитие существующих модулей - работа в тесном взаимодействии с другими разработчиками и менеджером проекта Условия работы: - зарплата по результатам собеседования - официальное трудоустройство согласно ТК РФ - возможность проявлять свои таланты в работе над крупным сложным проектом - скидка для сотрудников компании Благодарим Вас за интерес, проявленный к нашей Компании. Ваше резюме будет рассмотрено не позднее чем за 3 рабочих дня с момента его получения.Если Ваш опыт работы и пожелания соответствуют требованиям и возможностям компании - мы свяжемся с Вами по указанным контактам;;опыт PHP-разработки от 3 лет, опыт разработки на MVC-фреймворках. - хорошее знание MySQL, опыт оптимизации SQL-запросов. - ;разработка нового функционала в соответствии с техническим заданием и развитие существующих модулей. - работа в тесном взаимодействии с другими разработчиками и...;"JavaScript;jQuery;MySQL;Git;Mercurial;PHP;SQL";0;0;0;1;0;0;0;1;0;0;1;0;0;1;0;0;0;1;1;1;1;0;1;0;0;0;0;1
37;0;33939869;Стажер-программист PHP;Новосибирск;3;3;Ай Ти Констракт;0.0;Хочешь стать профессиональным веб-программистом?Мы — компания, которая делает веб-проекты для многих российских компаний. Нам нужны веб-программисты, и поэтому мы готовы помочь вам стать ими. На стажировку мы принимаем только тех, кто хочет работать в нашей компании:  Студентов 3 курса и старше, получающих высшее образование в области информационных технологий Опытных разработчиков, желающих освоить 1С-Битрикс на профессиональном уровне    Как проходит стажировка?  Стажировка предполагает дистанционное самообучение. Не требуется присутствия в офисе. Мы консультируем вас, проверяем практические задания, даем рекомендации Персональный наставник. Стажировку курирует профессиональный наставник с 15-летним опытом в веб-разработке Возможность стажироваться в нашем офисе. На заключительных блоках стажировки лучших из вас мы приглашаем к нам в офис. Соглашаться или нет, решаете самостоятельно Без ограничений по времени. Мы не торопим вас и не ставим жестких сроков. Однако надеемся, что вы будете интенсивно заниматься и освоите программу стажировки за 3 месяца    Программа стажировки Блок 1. Общее представление о веб-разработке, погружение в профессиюВ рамках прохождения этого блока вы изучаете теоретические материалы, а затем проходите устное собеседование по полученным знаниям. Собеседование проходит в офисе ITConstruct, или дистанционно по Skype Блок 2. Frontend-разработкаЗдесь вы получаете минимальные знания по верстке сайтов, необходимые любому веб-разработчику. Для закрепления знаний предполагается выполнение практического задания Блок 3. Backend-разработка на связке PHP/MySQLПервое знакомство с backendом.Вы научитесь проектировать базы данных, работать с SQL, создадите базу данных на СУБД MySQL.Вы освоите PHP на базовом уровне, научитесь применять документацию Блок 4. Bitrix-разработкаПогружение в Backend-разработку. Вы близко познакомитесь с 1С-Битрикс и сделаете свой первый сайт на этой платформе. На этом ваша стажировка будет завершена   А что в итоге? Персональные сертификаты, подтверждающие вашу квалификацию5 сертификатов от 1C-Битрикс + сертификат об окончании стажировки от ITConstruct Реальный практический опытПолученные знания не оторваны от реальности, они являются практической базой для дальнейшего профессионального роста Денежные бонусыЗа прохождение 3 и 4 блоков стажировки вы получаете по 5000 рублей Продолжение карьерыЛучшие выпускники получат предложение продолжить карьеру в ITConstruct в должности Junior веб-разработчик с зарплатой до 30000 рублей Получите востребованную профессию, откликайтесь на нашу вакансию и мы сориентируем по дальнейшим действиям!;;Студентов 3 курса и старше, получающих высшее образование в области информационных технологий. Опытных разработчиков, желающих освоить 1С-Битрикс на...;Блок 1. Общее представление о веб-разработке, погружение в профессию. В рамках прохождения этого блока вы изучаете теоретические материалы, а...;"PHP;MySQL;JavaScript;Git;HTML";0;0;0;0;1;0;1;0;0;1;0;0;0;0;0;1;0;1;1;1;1;1;0;0;0;0;0;0
38;41;34016037;PHP-программист;Новосибирск;3;3;Бизнес Решения;0.0;"Крупному порталу о недвижимости требуется PHP-программист на удаленку! Нам нужен самостоятельный профи с высоким уровнем ответственности и самоконтроля. Стек технологий:  php7 mysql redis mongoDB yii2 git symfony  Основные задачи:  разработка и поддержка функциональных частей проекта; разработка и покрытие тестами отдельных участков; профилирование и отладка сложных участков.  Для нас важно:  опыт разработки порталов; уверенные знания PHP7, MySQL; умение работать в команде и разбираться в чужом коде.  Условия:  Работа удаленная, полная занятость; Испытательный срок — 2 месяца; График работы: 8-ми часовой рабочий день, 5 дней в неделю, основное время с 9:00 до 17:00 мск. быть на связи Зарплата обсуждается по итогам собеседования с Team-leader. ";"  Работа удаленная, полная занятость; Испытательный срок — 2 месяца; График работы: 8-ми часовой рабочий день, 5 дней в неделю, основное время с 9:00 до 17:00 мск. быть на связи Зарплата обсуждается по итогам собеседования с Team-leader. ";Опыт разработки порталов. Уверенные знания PHP7, MySQL. Умение работать в команде и разбираться в чужом коде.;Разработка и поддержка функциональных частей проекта. Разработка и покрытие тестами отдельных участков. Профилирование и отладка сложных участков.;"MySQL;MongoDB;Git;Yii;Redis;PHP";0;0;0;0;1;0;0;0;1;0;0;0;1;1;0;0;0;1;1;0;1;0;0;1;0;0;0;1
39;56;33943718;PHP-программист;Новосибирск;3;3;Резольвента;0.0;В маленькую, но крутую команду веб разработчиков, ищутся такие же крутые специалисты, а также желающие таковыми стать. У нас всего два требования к кандидатам:  Знание PHP Понимание, и главное умение применять на практике принципы ООП и всем известные простые сокращения KISS, DRY, YAGNI.  А если в дополнение к этому ты умеешь писать тесты и любишь чистый код, то у нас почти на 100% случится взаимная любовь с первого взгляда. На чем мы пишем?  Бэкэнд: PHP 7+, Symfony и Laravel, Elastic (только когда он реально нужен) БД: MySQL Тесты: PHPUnit, Codeception Docker как среда разработки Фронт: Vue, Webpack, SCSS  Как мы пишем?  Проводим Code review Следуем лучшим практикам Любим чистый код - простой, понятный, лаконичный Пишем автотесты  Что мы пишем? Большие проекты, со сложной бизнес логикой и реальными пользователями. Что еще?  У нас нет HR, бюрократии, авралов и длинных коммуникаций. У нас есть директор-программист и команда сильных разработчиков. В первую очередь мы будем смотреть твой код, потом на все остальное. Про кофе, печеньки, гибкий график и офис в центре города даже не пишем... Это неинтересно и есть у всех. У нас тоже. ;;Знание PHP. Понимание, и главное умение применять на практике принципы ООП и всем известные простые сокращения KISS, DRY, YAGNI. ;Docker как среда разработки.;"MySQL;CSS3;Ajax;PHP;HTML;ООП;CSS;JavaScript;Git;HTML5";0;0;0;0;1;0;0;1;0;1;0;0;0;1;0;0;0;1;1;1;1;1;0;0;1;1;0;1
40;84;33826427;Программист/Разработчик PHP;Новосибирск;3;3;ТЭК-Торг;0.03333333333333333;"Обязанности:  устранение инцидентов и причин их возникновения в Web-приложении; внесение исправления в БД или в программный код для решения инцидента; решение системных проблем, порождающих инциденты; реализация дополнительного функционала, рефакторинг; выполнение доработок системы, реализация которых снижает число обращений и число инцидентов; выполнение запросов, требующих внесение изменений в БД внештатными средствами; развитие автоматизированного тестирования    Требования:  аналитический склад ума; опыт работы в области разработки ПО; владение PHP 7, SQL, JavaScript; базовое знание OC Linux желательно; опыт работы с системой контроля версий исходных текстов    Условия: - работа удалённая; - работа в крупнейшей компании в отрасли   Предусмотрено тестовое задание";" - работа удалённая; - работа в крупнейшей компании в отрасли   Предусмотрено тестовое задание";Аналитический склад ума. Опыт работы в области разработки ПО. Владение PHP 7, SQL, JavaScript. Базовое знание OC Linux желательно. ;Устранение инцидентов и причин их возникновения в Web-приложении. Внесение исправления в БД или в программный код для решения инцидента. ;"PHP;MySQL;JavaScript;Git;HTML";0;0;0;0;1;0;0;1;0;0;0;0;1;1;0;0;0;1;1;1;1;1;0;0;0;0;0;0
41;7;34249922;Программист-Стажёр PHP;Омск;3;4;Panda Lab;0.03333333333333333;"Мы ищем начинающих специалистов желающих учиться в области web-программирования. От вас базовые знания программирования и желание обучаться. Обязанности:  Разработка сайтов (PHP, JS, MySQL); Поддержка кода; Работа в команде;  Требования:  Базовые знания в программировании; Базовые знания ООП.  Условия:  Официальное оформление по ТК РФ. Своевременная оплата труда; Возможности профессионального и карьерного роста; Чай, кофе в офисе, корпоративные обеды; Современный офис в центре города с большими панорамными окнами на Иртыш. ";"  Официальное оформление по ТК РФ. Своевременная оплата труда; Возможности профессионального и карьерного роста; Чай, кофе в офисе, корпоративные обеды; Современный офис в центре города с большими панорамными окнами на Иртыш. ";Базовые знания в программировании. Базовые знания ООП.;Разработка сайтов (PHP, JS, MySQL). Поддержка кода. Работа в команде.;"PHP;MySQL;JavaScript;Git;HTML";0;0;0;0;1;0;1;0;0;0;1;0;0;1;0;0;0;1;1;1;1;1;0;0;0;0;0;0
42;21;34034235;PHP-разработчик;Омск;3;4;AcidHead;0.06666666666666667;"Обязанности:  разработка веб-сайтов и приложений.  Требования:  опыт программирования на PHP; опыт работы с базами данных, владение SQL; опыт адаптивной верстки HTML, CSS; знание английского языка на уровне чтения технической документации; желание развиваться.  Приветствуется:  опыт с Laravel и/или Wordpress; опыт работы в команде; опыт программирования на JavaScript; опыт использования Linux; опыт работы с системами контроля версий; умение оценивать задачи и сроки их выполнения.    Вакансия доступна для студентов старших курсов, со знанием теории и без опыта работы. Разработка/доработка сайтов клиентов на базе Wordpress, работа с проектами на базе Laravel. Свободный рабочий график, возможность совмещать работу и учебу.";;Опыт программирования на PHP. Опыт работы с базами данных, владение SQL. Опыт адаптивной верстки HTML, CSS. Знание английского языка на...;Разработка веб-сайтов и приложений. Разработка/доработка сайтов клиентов на базе Wordpress, работа с проектами на базе Laravel. ;"JavaScript;CSS;HTML;PHP;MySQL";0;0;0;0;1;0;1;0;0;1;0;0;0;1;0;0;0;1;1;1;0;1;0;0;1;0;0;0
43;44;20661813;PHP-разработчик;Омск;3;4;Ronas IT;0.0;"Обязанности:  разработка веб-сайтов и приложений.  Требования:  опыт программирования на PHP; опыт работы с базами данных, владение SQL; знание английского языка на уровне чтения технической документации; желание развиваться.    Приветствуется:  опыт с фреймворком Laravel; опыт работы в команде; опыт программирования на JavaScript, NodeJS; опыт использования Linux; опыт работы с системами контроля версий; опыт проектной работы; умение оценивать задачи и сроки их выполнения.  Условия:  дружеская атмосфера; интересные проекты для различных иностранных компаний; просторный офис в самом центре города, открытый 24/7; свободный рабочий график; возможность совмещать работу и учебу; полный социальный пакет; обучение английскому языку за счет компании; программа компенсации затрат на обеды; программа компенсации медицинских расходов; конкурентная заработная плата.   ";"  дружеская атмосфера; интересные проекты для различных иностранных компаний; просторный офис в самом центре города, открытый 24/7; свободный рабочий график; возможность совмещать работу и учебу; полный социальный пакет; обучение английскому языку за счет компании; программа компенсации затрат на обеды; программа компенсации медицинских расходов; конкурентная заработная плата.   ";Опыт программирования на PHP. Опыт работы с базами данных, владение SQL. Знание английского языка на уровне чтения технической документации. ;Разработка веб-сайтов и приложений.;"PHP;MySQL;JavaScript;Git;HTML";0;0;0;0;1;0;0;1;0;1;0;0;0;1;0;0;0;1;1;1;1;1;0;0;0;0;0;0
44;29;33987847;PHP-программист;Ростов-на-Дону;2;1;retailCRM;0.06666666666666667;"retailCRM — это крупнейшая CRM для омниканальной и онлайн-торговли. Мы делаем лучшее решение на рынке, которое помогает эффективно развивать и масштабировать бизнес наших клиентов. Наш проект работает как SaaS, которым каждый день пользуются несколько тысяч клиентов. Также мы внедряем enterprise-версию системы в крупные ecommerce-проекты, входящие в ТОП-100. retailCRM вырос с нуля до большого высоконагруженного проекта (3 датацентра в Европе и России, 50+ млн запросов к backend в сутки, 50+ тысяч запросов к БД в секунду, 6+ млн фоновых задач в сутки). В работе вы сможете использовать самые новые технологии (PHP7, Symfony, PostgreSQL, Go, Vue, Python). Мы ценим время нашей команды, автоматизируя внутренние процессы с помощью git, docker, gitlab, jenkins, slack, zabbix, pinba автоматических деплоев и организуя работу по Scrum.Как устроена разработка retailCRM можно посмотреть в ролике youtube.com/watch?v=xAdmPgjLuSEfeature=youtu.be Требования к кандидатам:  понимание и применение принципов ООП; опыт программирования на PHP от 2-х лет; знание теории баз данных, SQL; базовые знания client-side технологий (html/css, js); работа с Linux на уровне пользователя, ssh, навык работы с bash.  Будет большим плюсом:  опыт использования средств поддержки коллективной разработки (Git/Mercurial/Subversion, Redmine/Jira); опыт работы с MySQL, PostgreSQL, Oracle; опыт работы с какими-либо распространенными PHP-фреймворками и/или CMS.  Условия работы:  Хорошая заработная плата с регулярным повышением; Работа по SCRUM методологии; Гибкий график; Оплата обучения за счет компании; Профессиональный рост. ";;Понимание и применение принципов ООП. Опыт программирования на PHP от 2-х лет. Знание теории баз данных, SQL. ;;"PHP;MySQL;JavaScript;Git;HTML";0;0;0;0;1;0;0;1;0;0;1;0;0;1;0;0;0;1;1;1;1;1;0;0;0;0;0;0
45;24;34103635;Программист/Разработчик PHP;Казань;2;0;ТЭК-Торг;0.03333333333333333;"Обязанности:  устранение инцидентов и причин их возникновения в Web-приложении; внесение исправления в БД или в программный код для решения инцидента; решение системных проблем, порождающих инциденты; реализация дополнительного функционала, рефакторинг; выполнение доработок системы, реализация которых снижает число обращений и число инцидентов; выполнение запросов, требующих внесение изменений в БД внештатными средствами; развитие автоматизированного тестирования    Требования:  аналитический склад ума; опыт работы в области разработки ПО; владение PHP 7, SQL, JavaScript, Zend; базовое знание OC Linux желательно; опыт работы с системой контроля версий исходных текстов    Условия:  работа в стабильной компании; график работы: Пн-Пт; официальная заработная плата (уровень обсуждаем на собеседовании); офис по адресу: ул. Айвазовского, 3 А    Предусмотрено тестовое задание";"  работа в стабильной компании; график работы: Пн-Пт; официальная заработная плата (уровень обсуждаем на собеседовании); офис по адресу: ул. Айвазовского, 3 А    Предусмотрено тестовое задание";Аналитический склад ума. Опыт работы в области разработки ПО. Владение PHP 7, SQL, JavaScript, Zend. Базовое знание OC Linux желательно. ;Устранение инцидентов и причин их возникновения в Web-приложении. Внесение исправления в БД или в программный код для решения инцидента. ;"PHP;MySQL;JavaScript;Git;HTML";0;0;1;0;0;0;0;1;0;0;1;0;0;1;0;0;0;1;1;1;1;1;0;0;0;0;0;0
46;73;34032177;Программист-разработчик (PHP, SQL);Казань;2;0;Внимание!;0.5;"Мы ищем, в первую очередь, члена команды, а во-вторую очередь, сотрудника на должность программиста.   О НАШЕЙ КОМАНДЕ В мае 2019 года, наша компания отметила свое 11-летие. За это время, по мимо всего прочего, мы сформировали свою кадровую стратегию:  нам нужны ЛЮДИ, а не роботы, нам нужна КОМАНДА, а не штат, основное требование к кандидатам - лояльность к компании, лояльность к сотрудникам - один из приоритетов компании (командоориентированность).  Приоритеты компании:  Клиентоориентированность - каждый член команды, должен работать, так, чтобы превосходить самые смелые ожидания клиента, как минимум на 101%, делая его счастливым клиентом! Командоориентированность - каждый член команды (в т.ч. руководство компании), должен относится к своему коллеги как к клиенту,делая его счастливым! Ориентированность на инновации - все члены команды, находятся в постоянном поиске инновационных способов решения своих задач и задач своих клиентов.  Наш девиз: Внимание к мелочам в большом деле безопасности!   О ВАКАНСИИ: Обязанности:  Развитие существующего ПО; Разработка новых модулей к существующему ПО; Разработка нового ПО, под проект; Составление ТЗ (по описанию задачи) для утверждения; Работа с ТЗ заказчика; Работа с фрилансерами и подрядчиками (в случае, если часть задач отдаем на аутсорс); Разработка план-графиков и их 100% выполнение.  Требования: Личностные качества:  Командный игрок, Самостоятельность, Активность, Инициативность, Ответственность, Аккуратность, Внимательность, Высокий уровень лояльности к работодателю, Коммуникабельность, грамотная речь/письмо.  Деловые качества:  Знание PHP, SQL, JS - обязательны; Знание других языков и технологий - дополнительное преимущество; Опыт работы с базами данных (глубокая настройка, оптимизация работы и т.п.) MySQL, PostgreSQL - обязательно; Опыт работы с NoSQL (MongoDB, ClickHouse и т.п.) - привествуется; Опыт работы с данными временных рядов - преимущество; Опыт разработки высоконагруженных систем - преимущество; Навыки делового общения, Соблюдение субординации, Трудолюбие, Умение работать на командный результат.  Условия:  Интересная работа в дружном коллективе, Возможность проявить себя, Лояльное руководство, Возможен гибкий график и/или удаленная работа, Рассматриваем как проектных так и постоянных сотрудников, с полной или частичной занятостью, Оклад + премии (обсуждается индивидуально), Компенсации передвижений (если потребовались), Корпоративная связь.    Если Вам подходят наши условия, Вас не испугали наши требования и Вы уверены, что справитесь с обязанностями, смело откликайтесь, прямо сейчас! Мы индивидуально рассматриваем каждого кандидата!";  Интересная работа в дружном коллективе, Возможность проявить себя, Лояльное руководство, Возможен гибкий график и/или удаленная работа, Рассматриваем как проектных так и постоянных сотрудников, с полной или частичной занятостью, Оклад + премии (обсуждается индивидуально), Компенсации передвижений (если потребовались), Корпоративная связь.    Если Вам подходят наши условия, Вас не испугали наши требования и Вы уверены, что справитесь с обязанностями, смело откликайтесь, прямо сейчас! Мы индивидуально рассматриваем каждого кандидата!;Командный игрок. Самостоятельность, Активность, Инициативность. Ответственность. Аккуратность, Внимательность. Высокий уровень лояльности к работодателю. Коммуникабельность, грамотная речь/письмо. Знание PHP, SQL...;Развитие существующего ПО. Разработка новых модулей к существующему ПО. Разработка нового ПО, под проект. Составление ТЗ (по описанию задачи) для...;"Офисная техника;Работа в команде;Деловая переписка;Деловое общение;Пользователь ПК;Грамотная речь;Деловая коммуникация;Работа с оргтехникой;Ориентация на результат;Веб-программирование;Серверное программирование;Cистемы управления базами данных;SQL;PHP;JavaScript;PostgreSQL;MySQL";0;0;1;0;0;0;0;1;0;1;0;0;0;1;0;0;0;1;1;1;0;0;0;0;0;0;0;1
47;22;34278383;PHP-программист;Тюмень;0;0;Домино;0.0;"В связи с расширением отдела приглашаем в нашу команду PHP-программиста, Требования:  Хорошие знания языков программирования: PHP, SQL, HTML, CSS, JavaScript, Ajax, jquery Желание и умение чисто писать код, используя паттерны Опыт разработки веб-сайтов Умение ставить и вести задачи, соблюдать сроки.  Условия:  Достойный уровень вознаграждения (обсуждается при собеседовании индивидуально); Возможности для прокачки профессиональных навыков; Офис в одном из самых востребованных районов города с большой парковкой; Насыщенная корпоративная жизнь; Интересные web-проекты по недвижимости. ";"  Достойный уровень вознаграждения (обсуждается при собеседовании индивидуально); Возможности для прокачки профессиональных навыков; Офис в одном из самых востребованных районов города с большой парковкой; Насыщенная корпоративная жизнь; Интересные web-проекты по недвижимости. ";Хорошие знания языков программирования: PHP, SQL, HTML, CSS, JavaScript, Ajax, jquery. Желание и умение чисто писать код, используя паттерны. ;;"PHP;MySQL;JavaScript;Git;HTML";1;0;0;0;0;0;0;1;0;0;1;0;0;1;0;0;0;1;1;1;1;1;0;0;0;0;0;0
